List,Date,Rank,Site,Manufacturer,Computer,Country,Year,Processors,RMax,RPeak,Nmax,Nhalf,Processor Family,Processor,Proc. Frequency,System Family,Operating System,Architecture,Segment,Application Area,Interconnect Family,Interconnect,Region,Continent,Rmax_numeric,Rmax_Numeric,Power,System Model,Cores,Measured Size,Processor Cores,Accelerator,Name,Total Cores,Accelerator Cores,Rmax,Rpeak,Effeciency (%),Mflops/Watt,Processor Technology,Processor Speed (MHz),OS Family,Cores per Socket,Processor Generation,Previous Rank,First Appearance,First Rank,Accelerator/Co-Processor Cores,Accelerator/Co-Processor,Efficiency (%),Power Source,Rmax [TFlop/s],Rpeak [TFlop/s],HPCG [TFlop/s],Power (kW),Power Effeciency [GFlops/Watts],Site ID,System ID,Power Efficiency [GFlops/Watts],Memory,Energy Efficiency [GFlops/Watts]
TOP500_199306A,199306,3,NCSA,Thinking Machines Corporation,CM-5/512,United States,1993,512.0,30.4,65.54,36864.0,16384.0,Sparc,SuperSPARC I,32.0,TMC CM5,CMOST,MPP,Academic,Not Specified,Fat Tree,"Hypercube, tree",North America,Americas,30.4,30.4,,,,,,,,,,,,,,,,,,,,,,,,,,,,,,,,,,,
TOP500_199311A,199311,4,NCSA,Thinking Machines Corporation,CM-5/512,United States,1993,512.0,30.4,65.54,36864.0,16384.0,Sparc,SuperSPARC I,32.0,TMC CM5,CMOST,MPP,Academic,Not Specified,Fat Tree,"Hypercube, tree",North America,Americas,30.4,30.4,,,,,,,,,,,,,,,,,,,,,,,,,,,,,,,,,,,
TOP500_199406A,199406,8,NCSA,Thinking Machines Corporation,CM-5/512,United States,1993,512.0,30.4,65.54,36864.0,16384.0,Sparc,SuperSPARC I,32.0,TMC CM5,CMOST,MPP,Academic,Not Specified,Fat Tree,"Hypercube, tree",North America,Americas,30.4,30.4,,,,,,,,,,,,,,,,,,,,,,,,,,,,,,,,,,,
TOP500_199411A,199411,8,NCSA,Thinking Machines Corporation,CM-5/512,United States,1993,512.0,30.4,65.54,36864.0,16384.0,Sparc,SuperSPARC I,32.0,TMC CM5,CMOST,MPP,Academic,Not Specified,Fat Tree,"Hypercube, tree",North America,Americas,30.4,30.4,,,,,,,,,,,,,,,,,,,,,,,,,,,,,,,,,,,
TOP500_199506A,199506,10,Pittsburgh Supercomputing Center,Cray Inc.,T3D MC512-8,United States,1994,512.0,50.8,76.8,57856.0,7136.0,Alpha,Alpha EV4,149.9,Cray T3E/T3D,UNICOS,MPP,Academic,Not Specified,Cray Interconnect,3-D Torus,North America,Americas,50.8,50.8,,,,,,,,,,,,,,,,,,,,,,,,,,,,,,,,,,,
TOP500_199511A,199511,6,Cornell Theory Center,IBM,SP2/512,United States,1994,512.0,88.4,136.19,73500.0,20150.0,Power,POWER2,66.5,IBM SP,AIX,MPP,Academic,Not Specified,,,North America,Americas,88.4,88.4,,,,,,,,,,,,,,,,,,,,,,,,,,,,,,,,,,,
TOP500_199606A,199606,1,University of Tokyo,Hitachi,SR2201/1024,Japan,1996,1024.0,220.4,307.2,138240.0,34560.0,PA-RISC,PA-RISC HARP-1E,150.0,Hitachi SR2xxx,HI-UX/MPP,MPP,Academic,Not Specified,Crossbar,Hyper crossbar,Eastern Asia,Asia,220.4,220.4,,,,,,,,,,,,,,,,,,,,,,,,,,,,,,,,,,,
TOP500_199611A,199611,1,"Center for Computational Science, University of Tsukuba",Hitachi,CP-PACS/2048,Japan,1996,2048.0,368.2,614.4,103680.0,30720.0,PA-RISC,PA-RISC HARP-1E,150.0,Hitachi SR2xxx,HI-UX/MPP,MPP,Academic,Not Specified,Crossbar,Hyper crossbar,Eastern Asia,Asia,368.2,368.2,,,,,,,,,,,,,,,,,,,,,,,,,,,,,,,,,,,
TOP500_199706A,199706,2,"Center for Computational Science, University of Tsukuba",Hitachi,CP-PACS/2048,Japan,1996,2048.0,368.2,614.4,103680.0,30720.0,PA-RISC,PA-RISC HARP-1E,150.0,Hitachi SR2xxx,HI-UX/MPP,MPP,Academic,Not Specified,Crossbar,Hyper crossbar,Eastern Asia,Asia,368.2,368.2,,,,,,,,,,,,,,,,,,,,,,,,,,,,,,,,,,,
TOP500_199711A,199711,4,"Center for Computational Science, University of Tsukuba",Hitachi,CP-PACS/2048,Japan,1996,2048.0,368.2,614.4,103680.0,30720.0,PA-RISC,PA-RISC HARP-1E,150.0,Hitachi SR2xxx,HI-UX/MPP,MPP,Academic,Not Specified,Crossbar,Hyper crossbar,Eastern Asia,Asia,368.2,368.2,,,,,,,,,,,,,,,,,,,,,,,,,,,,,,,,,,,
TOP500_199806A,199806,6,"Center for Computational Science, University of Tsukuba",Hitachi,CP-PACS/2048,Japan,1996,2048.0,368.2,614.4,103680.0,30720.0,PA-RISC,PA-RISC HARP-1E,150.0,Hitachi SR2xxx,HI-UX/MPP,MPP,Academic,Not Specified,Crossbar,Hyper crossbar,Eastern Asia,Asia,368.2,368.2,,,,,,,,,,,,,,,,,,,,,,,,,,,,,,,,,,,
TOP500_199811A,199811,7,CSAR at the University of Manchester,Cray Inc.,T3E1200,United Kingdom,1998,612.0,509.0,734.4,0.0,0.0,Alpha,Alpha EV56,598.8,Cray T3E/T3D,UNICOS,MPP,Academic,Not Specified,Cray Interconnect,3-D Torus,Northern Europe,Europe,509.0,509.0,,,,,,,,,,,,,,,,,,,,,,,,,,,,,,,,,,,
TOP500_199906A,199906,4,University of Tokyo,Hitachi,SR8000/128,Japan,1999,128.0,873.0,1024.0,120000.0,16000.0,Hitachi SR8000,Hitachi SR8000,250.0,Hitachi SR8xxx,HI-UX/MPP,MPP,Academic,Not Specified,Crossbar,Multi-dimensional crossbar,Eastern Asia,Asia,873.0,873.0,,,,,,,,,,,,,,,,,,,,,,,,,,,,,,,,,,,
TOP500_199911A,199911,5,University of Tokyo,Hitachi,SR8000/128,Japan,1999,128.0,873.0,1024.0,120000.0,16000.0,Hitachi SR8000,Hitachi SR8000,250.0,Hitachi SR8xxx,HI-UX/MPP,MPP,Academic,Not Specified,Crossbar,Multi-dimensional crossbar,Eastern Asia,Asia,873.0,873.0,,,,,,,,,,,,,,,,,,,,,,,,,,,,,,,,,,,
TOP500_200006A,200006,5,Leibniz Rechenzentrum,Hitachi,SR8000-F1/112,Germany,2000,112.0,1035.0,1344.0,120000.0,15160.0,Hitachi SR8000,Hitachi SR8000,375.0,Hitachi SR8xxx,HI-UX/MPP,MPP,Academic,Not Specified,Crossbar,Multi-dimensional crossbar,Western Europe,Europe,1035.0,1035.0,,,,,,,,,,,,,,,,,,,,,,,,,,,,,,,,,,,
TOP500_200011A,200011,7,Leibniz Rechenzentrum,Hitachi,SR8000-F1/112,Germany,2000,112.0,1035.0,1344.0,120000.0,15160.0,Hitachi SR8000,Hitachi SR8000,375.0,Hitachi SR8xxx,HI-UX/MPP,MPP,Academic,Not Specified,Crossbar,Multi-dimensional crossbar,Western Europe,Europe,1035.0,1035.0,,,,,,,,,,,,,,,,,,,,,,,,,,,,,,,,,,,
TOP500_200106A,200106,5,University of Tokyo,Hitachi,SR8000/MPP,Japan,2001,1152.0,1709.1,2074.0,141000.0,16000.0,Hitachi SR8000,Hitachi SR8000,450.0,Hitachi SR8xxx,HI-UX/MPP,MPP,Academic,Not Specified,Crossbar,Multi-dimensional crossbar,Eastern Asia,Asia,1709.1,1709.1,,,,,,,,,,,,,,,,,,,,,,,,,,,,,,,,,,,
TOP500_200111A,200111,2,Pittsburgh Supercomputing Center,Hewlett-Packard,"AlphaServer SC45, 1 GHz",United States,2001,3024.0,4059.0,6048.0,525000.0,105000.0,Alpha,Alpha,1000.0,HP AlphaServer SC/GS,Tru64 UNIX,Cluster,Academic,Not Specified,Quadrics,Quadrics,North America,Americas,4059.0,4059.0,,,,,,,,,,,,,,,,,,,,,,,,,,,,,,,,,,,
TOP500_200206A,200206,3,Pittsburgh Supercomputing Center,Hewlett-Packard,"AlphaServer SC45, 1 GHz",United States,2001,3016.0,4463.0,6032.0,280000.0,85000.0,Alpha,Alpha,1000.0,HP AlphaServer SC/GS,Tru64 UNIX,Cluster,Academic,Not Specified,Quadrics,Quadrics,North America,Americas,4463.0,4463.0,,,,,,,,,,,,,,,,,,,,,,,,,,,,,,,,,,,
TOP500_200211A,200211,6,Pittsburgh Supercomputing Center,Hewlett-Packard,"AlphaServer SC45, 1 GHz",United States,2001,3016.0,4463.0,6032.0,280000.0,85000.0,Alpha,Alpha,1000.0,HP AlphaServer SC/GS,Tru64 UNIX,Cluster,Academic,Not Specified,Quadrics,Quadrics,North America,Americas,4463.0,4463.0,,,,,,,,,,,,,,,,,,,,,,,,,,,,,,,,,,,
TOP500_200306A,200306,9,Pittsburgh Supercomputing Center,Hewlett-Packard,"AlphaServer SC45, 1 GHz",United States,2001,3016.0,4463.0,6032.0,280000.0,85000.0,Alpha,Alpha,1000.0,HP AlphaServer SC/GS,Tru64 UNIX,Cluster,Academic,Not Specified,Quadrics,Quadrics,North America,Americas,4463.0,4463.0,,,,,,,,,,,,,,,,,,,,,,,,,,,,,,,,,,,
TOP500_200311A,200311,3,Virginia Tech,Self-made,1100 Dual 2.0 GHz Apple G5/Mellanox Infiniband 4X/Cisco GigE,United States,2003,2200.0,10280.0,17600.0,520000.0,152000.0,Power,PowerPC 970,2000.0,NOW  - PowerPC,MacOS X,Cluster,Academic,Not Specified,Infiniband,Infiniband,North America,Americas,10280.0,10280.0,,,,,,,,,,,,,,,,,,,,,,,,,,,,,,,,,,,
TOP500_200406A,200406,5,NCSA,Dell,"PowerEdge 1750, P4 Xeon 3.06 GHz, Myrinet",United States,2003,2500.0,9819.0,15300.0,630000.0,0.0,Intel IA-32,Intel IA-32 Pentium 4 Xeon,3060.0,Dell PowerEdge Cluster,Linux,Cluster,Academic,Not Specified,Myrinet,Myrinet,North America,Americas,9819.0,9819.0,,,,,,,,,,,,,,,,,,,,,,,,,,,,,,,,,,,
TOP500_200411A,200411,4,Barcelona Supercomputing Center,IBM,"eServer BladeCenter JS20 (PowerPC970 2.2 GHz), Myrinet",Spain,2004,3564.0,20530.0,31363.0,812592.0,0.0,Power,PowerPC 970,2200.0,IBM Cluster,Linux,Cluster,Academic,Not Specified,Myrinet,Myrinet,Southern Europe,Europe,20530.0,20530.0,,,,,,,,,,,,,,,,,,,,,,,,,,,,,,,,,,,
TOP500_200506A,200506,5,Barcelona Supercomputing Center,IBM,"JS20 Cluster, PPC 970, 2.2 GHz, Myrinet",Spain,2005,4800.0,27910.0,42144.0,977816.0,0.0,Power,PowerPC 970,2200.0,IBM Cluster,SuSE Linux Enterprise Server 9,Cluster,Academic,Not Specified,Myrinet,Myrinet,Southern Europe,Europe,27910.0,27910.0,,,,,,,,,,,,,,,,,,,,,,,,,,,,,,,,,,,
TOP500_200511A,200511,8,Barcelona Supercomputing Center,IBM,"JS20 Cluster, PPC 970, 2.2 GHz, Myrinet",Spain,2005,4800.0,27910.0,42144.0,977816.0,0.0,Power,PowerPC 970,2200.0,IBM Cluster,SuSE Linux Enterprise Server 9,Cluster,Academic,Not Specified,Myrinet,Myrinet,Southern Europe,Europe,27910.0,27910.0,,,,,,,,,,,,,,,,,,,,,,,,,,,,,,,,,,,
TOP500_200606A,200606,7,"GSIC Center, Tokyo Institute of Technology",NEC/Sun,"Sun Fire X4600 Cluster, Opteron 2.4/2.6 GHz, Infiniband",Japan,2006,10368.0,38180.0,49868.8,1334160.0,0.0,AMD x86_64,AMD x86_64 Opteron Dual Core,2400.0,Sun Fire - Cluster,Linux,Cluster,Academic,Not Specified,Infiniband,Infiniband,Eastern Asia,Asia,38180.0,38180.0,,,,,,,,,,,,,,,,,,,,,,,,,,,,,,,,,,,
TOP500_200611A,200611,5,Barcelona Supercomputing Center,IBM,"BladeCenter JS21 Cluster, PPC 970, 2.3 GHz, Myrinet",Spain,2006,10240.0,62630.0,94208.0,0.0,0.0,Power,PowerPC 970,2300.0,IBM Cluster,SuSE Linux Enterprise Server 9,Cluster,Academic,Medicine,Myrinet,Myrinet,Southern Europe,Europe,62630.0,62630.0,,,,,,,,,,,,,,,,,,,,,,,,,,,,,,,,,,,
TOP500_200706A,200706,7,"Rensselaer Polytechnic Institute, Computional Center for Nanotechnology Innovations",IBM,eServer Blue Gene Solution,United States,2007,32768.0,73032.0,91750.0,884735.0,0.0,Power,PowerPC 440,700.0,IBM BlueGene/L,CNK/SLES 9,MPP,Academic,Research,Proprietary,Proprietary,North America,Americas,73032.0,73032.0,,,,,,,,,,,,,,,,,,,,,,,,,,,,,,,,,,,
TOP500_200711A,200711,12,"Rensselaer Polytechnic Institute, Computational Center for Nanotechnology Innovations",IBM,eServer Blue Gene Solution,United States,2007,32768.0,73032.0,91750.0,884735.0,0.0,Power,PowerPC 440,700.0,IBM BlueGene,CNK/SLES 9,MPP,Academic,Research,Proprietary,Proprietary,North America,Americas,73032.0,73032.0,,,,,,,,,,,,,,,,,,,,,,,,,,,,,,,,,,,
TOP500_200806A,200806,4,Texas Advanced Computing Center/Univ. of Texas,Sun Microsystems,"SunBlade x6420, Opteron Quad 2Ghz, Infiniband",United States,2008,62976.0,326000.0,503808.0,0.0,0.0,AMD x86_64,AMD x86_64 Opteron Quad Core,2000.0,Sun Blade System,Linux,Cluster,Academic,Not Specified,Infiniband,Infiniband,North America,Americas,326000.0,326000.0,2000.0,Sun Blade x6420,,,,,,,,,,,,,,,,,,,,,,,,,,,,,,,,,
TOP500_200811A,200811,6,Texas Advanced Computing Center/Univ. of Texas,Sun Microsystems,"SunBlade x6420, Opteron QC 2.3 Ghz, Infiniband",United States,2008,,433200.0,579379.0,0.0,0.0,AMD x86_64,AMD x86_64 Opteron Quad Core,2300.0,Sun Blade System,Linux,Cluster,Academic,Not Specified,Infiniband,Infiniband,North America,Americas,433200.0,433200.0,2000.0,Sun Blade x6420,62976.0,,,,,,,,,,,,,,,,,,,,,,,,,,,,,,,,
TOP500_200906A,200906,6,National Institute for Computational Sciences/University of Tennessee,Cray Inc.,Cray XT5 QC 2.3 GHz,United States,2008,,463300.0,607200.0,0.0,0.0,AMD x86_64,AMD x86_64 Opteron Quad Core,2300.0,Cray XT,CNL,MPP,Academic,Research,Proprietary,XT4 Internal Interconnect,North America,Americas,463300.0,463300.0,0.0,Cray XT5 QuadCore,66000.0,,,,,,,,,,,,,,,,,,,,,,,,,,,,,,,,
TOP500_200911A,200911,3,National Institute for Computational Sciences/University of Tennessee,Cray Inc.,Cray XT5-HE Opteron Six Core 2.6 GHz,United States,2009,,831700.0,1028850.0,0.0,0.0,AMD x86_64,AMD x86_64 Opteron Six Core,2600.0,Cray XT,Linux,MPP,Academic,Research,Proprietary,Proprietary,North America,Americas,831700.0,831700.0,0.0,Cray XT5-HE,98928.0,,,,,,,,,,,,,,,,,,,,,,,,,,,,,,,,
TOP500_201006A,201006,4,National Institute for Computational Sciences/University of Tennessee,Cray Inc.,Cray XT5-HE Opteron Six Core 2.6 GHz,United States,2009,,831700.0,1028850.0,0.0,0.0,AMD x86_64,AMD x86_64 Opteron Six Core,2600.0,Cray XT,Linux,MPP,Academic,Research,Proprietary,Proprietary,North America,Americas,831700.0,831700.0,0.0,Cray XT5-HE,98928.0,0.0,6.0,,,,,,,,,,,,,,,,,,,,,,,,,,,,,,
TOP500_201011A,201011,4,"GSIC Center, Tokyo Institute of Technology",NEC/HP,"HP ProLiant SL390s G7 Xeon 6C X5670, Nvidia GPU, Linux/Windows",Japan,2010,,1192000.0,2287630.0,2490368.0,0.0,Intel EM64T,Intel EM64T Xeon X56xx (Westmere-EP),2930.0,HP Cluster Platform 3000SL,Linux,Cluster,Academic,Research,Infiniband,Infiniband QDR,Eastern Asia,Asia,1192000.0,1192000.0,1398.61,Cluster Platform SL390s G7,73278.0,,6.0,,,,,,,,,,,,,,,,,,,,,,,,,,,,,,
TOP500_201106A,201106,5,"GSIC Center, Tokyo Institute of Technology",NEC/HP,"HP ProLiant SL390s G7 Xeon 6C X5670, Nvidia GPU, Linux/Windows",Japan,2010,,1192000.0,2287630.0,2490368.0,0.0,Intel EM64T,Intel EM64T Xeon X56xx (Westmere-EP),2930.0,HP Cluster Platform 3000SL,Linux,Cluster,Academic,Research,Infiniband,Infiniband QDR,Eastern Asia,Asia,1192000.0,1192000.0,1398.61,Cluster Platform SL390s G7,73278.0,,6.0,NVIDIA 2050,,,,,,,,,,,,,,,,,,,,,,,,,,,,,
TOP500_201111A,201111,5,"GSIC Center, Tokyo Institute of Technology",NEC/HP,"HP ProLiant SL390s G7 Xeon 6C X5670, Nvidia GPU, Linux/Windows",Japan,2010,,,,2490368.0,0.0,,Xeon X5670 6C 2.93GHz,,HP Cluster Platform 3000SL,Linux,Cluster,Academic,,Infiniband,Infiniband QDR,Eastern Asia,Asia,1192000.0,1192000.0,1398.61,Cluster Platform SL390s G7,,,,NVIDIA 2050,TSUBAME 2.0,73278.0,56994.0,1192000.0,2287630.0,52.11,852.27,Intel Nehalem,2930.0,Linux,6.0,Xeon X56xx (Westmere-EP),,,,,,,,,,,,,,,,,
TOP500_201206A,201206,4,Leibniz Rechenzentrum,IBM,"iDataPlex DX360M4, Xeon E5-2680 8C 2.70GHz, Infiniband FDR",Germany,2012,,,,5201920.0,0.0,,Xeon E5-2680 8C 2.700GHz,,IBM iDataPlex,Linux,Cluster,Academic,,Infiniband,Infiniband FDR,Western Europe,Europe,2897000.0,2897000.0,3422.67,iDataPlex DX360M4,,,,,SuperMUC,147456.0,,2897000.0,3185050.0,90.96,846.42,Intel SandyBridge,2700.0,Linux,8.0,Intel Xeon E5,,39.0,4.0,0.0,None,,,,,,,,,,,,
TOP500_201211A,201211,6,Leibniz Rechenzentrum,IBM,"iDataPlex DX360M4, Xeon E5-2680 8C 2.70GHz, Infiniband FDR",Germany,2012,,,,5201920.0,0.0,,Xeon E5-2680 8C 2.700GHz,,IBM iDataPlex,Linux,Cluster,Academic,,Infiniband,Infiniband FDR,Western Europe,Europe,2897000.0,2897000.0,3422.67,iDataPlex DX360M4,,,,,SuperMUC,147456.0,,2897000.0,3185050.0,,846.42,Intel SandyBridge,2700.0,Linux,8.0,Intel Xeon E5,4.0,39.0,4.0,0.0,None,90.96,,,,,,,,,,,
TOP500_201306A,201306,6,Texas Advanced Computing Center/Univ. of Texas,Dell,"PowerEdge C8220, Xeon E5-2680 8C 2.700GHz, Infiniband FDR, Intel Xeon Phi SE10P",United States,2012,,,,3875000.0,0.0,,Xeon E5-2680 8C 2.700GHz,,Dell PowerEdge Cluster,Linux,Cluster,Academic,,Infiniband,Infiniband FDR,North America,Americas,5168110.0,5168110.0,4510.0,PowerEdge C8220,,,,,Stampede,462462.0,,5168110.0,8520111.6,,1145.92,Intel SandyBridge,2700.0,Linux,8.0,Intel Xeon E5 (SandyBridge),7.0,40.0,7.0,366366.0,Intel Xeon Phi SE10P,60.66,,,,,,,,,,,
TOP500_201311A,201311,7,Texas Advanced Computing Center/Univ. of Texas,Dell,"PowerEdge C8220, Xeon E5-2680 8C 2.700GHz, Infiniband FDR, Intel Xeon Phi SE10P",United States,2012,,,,3875000.0,0.0,,Xeon E5-2680 8C 2.700GHz,,Dell PowerEdge Cluster,Linux,Cluster,Academic,,Infiniband,Infiniband FDR,North America,Americas,5168110.0,5168110.0,4510.0,PowerEdge C8220,,,,,Stampede,462462.0,,5168110.0,8520111.6,,1145.92,Intel SandyBridge,2700.0,Linux,8.0,Intel Xeon E5 (SandyBridge),6.0,40.0,7.0,366366.0,Intel Xeon Phi SE10P,,,,,,,,,,,,
TOP500_201406A,201406,7,Texas Advanced Computing Center/Univ. of Texas,Dell,"PowerEdge C8220, Xeon E5-2680 8C 2.700GHz, Infiniband FDR, Intel Xeon Phi SE10P",United States,2012,,,,3875000.0,0.0,,Xeon E5-2680 8C 2.7GHz,,Dell PowerEdge Cluster,Linux,Cluster,Academic,,Infiniband,Infiniband FDR,North America,Americas,5168110.0,5168110.0,4510.0,PowerEdge C8220,,,,,Stampede,462462.0,,5168110.0,8520111.6,,1145.92,Intel SandyBridge,2700.0,Linux,8.0,Intel Xeon E5 (SandyBridge),7.0,40.0,7.0,366366.0,Intel Xeon Phi SE10P,,,,,,,,,,,,
TOP500_201411A,201411,7,Texas Advanced Computing Center/Univ. of Texas,Dell,"PowerEdge C8220, Xeon E5-2680 8C 2.700GHz, Infiniband FDR, Intel Xeon Phi SE10P",United States,2012,,,,3875000.0,0.0,,Xeon E5-2680 8C 2.7GHz,,Dell PowerEdge Cluster,Linux,Cluster,Academic,,Infiniband,Infiniband FDR,North America,Americas,5168110.0,5168110.0,4510.0,PowerEdge C8220,,,,,Stampede,462462.0,,5168110.0,8520111.6,,1145.92,Intel SandyBridge,2700.0,Linux,8.0,Intel Xeon E5 (SandyBridge),7.0,40.0,7.0,366366.0,Intel Xeon Phi SE10P,,,,,,,,,,,,
TOP500_201506A,201506,7,King Abdullah University of Science and Technology,Cray Inc.,"Cray XC40, Xeon E5-2698v3 16C 2.3GHz, Aries interconnect ",Saudi Arabia,2015,,,,9738048.0,0.0,,Xeon E5-2698v3 16C 2.3GHz,,Cray XC,Cray Linux Environment ,Cluster,Academic,,Custom Interconnect,Aries interconnect ,Western Asia,Asia,5536990.0,5536990.0,2834.0,Cray XC40,,,,,Shaheen II,196608.0,,5536990.0,7235174.0,,1953.77,Intel Haswell,2300.0,Linux,16.0,Intel Xeon E5 (Haswell),,45.0,7.0,0.0,None,,,,,,,,,,,,
TOP500_201511A,201511,9,King Abdullah University of Science and Technology,Cray Inc.,"Cray XC40, Xeon E5-2698v3 16C 2.3GHz, Aries interconnect ",Saudi Arabia,2015,,,,9738048.0,0.0,,Xeon E5-2698v3 16C 2.3GHz,,Cray XC,Cray Linux Environment ,MPP,Academic,,Custom Interconnect,Aries interconnect ,Western Asia,Asia,5536990.0,5536990.0,2834.0,Cray XC40,,,,,Shaheen II,196608.0,,5536990.0,7235174.0,,1953.77,Intel Haswell,2300.0,Linux,16.0,Intel Xeon E5 (Haswell),7.0,45.0,7.0,0.0,None,,,,,,,,,,,,
TOP500_201606A,201606,10,King Abdullah University of Science and Technology,Cray Inc.,"Cray XC40, Xeon E5-2698v3 16C 2.3GHz, Aries interconnect ",Saudi Arabia,2015,,,,9738048.0,0.0,,Xeon E5-2698v3 16C 2.3GHz,,Cray XC,Cray Linux Environment ,MPP,Academic,,Custom Interconnect,Aries interconnect ,Western Asia,Asia,5536990.0,5536990.0,2834.0,Cray XC40,,,,,Shaheen II,196608.0,,5536990.0,7235174.0,,1953.77,Intel Haswell,2300.0,Linux,16.0,Intel Xeon E5 (Haswell),9.0,45.0,7.0,0.0,None,,,,,,,,,,,,
TOP500_201611A,201611,6,Joint Center for Advanced High Performance Computing,Fujitsu,"PRIMERGY CX1640 M1, Intel Xeon Phi 7250 68C 1.4GHz, Intel Omni-Path",Japan,2016,,,,9938880.0,0.0,,Intel Xeon Phi 7250 68C 1.4GHz,,Fujitsu Cluster,Linux,Cluster,Academic,,Omnipath,Intel Omni-Path,Eastern Asia,Asia,13554600.0,13554600.0,2718.7,PRIMERGY CX1640 M1,,,,,Oakforest-PACS,556104.0,,13554600.0,24913459.0,,4985.69,Intel Xeon Phi,1400.0,Linux,68.0,Intel Xeon Phi,,48.0,6.0,0.0,None,,Submitted,,,,,,,,,,
TOP500_201706A,201706,7,Joint Center for Advanced High Performance Computing,Fujitsu,"PRIMERGY CX1640 M1, Intel Xeon Phi 7250 68C 1.4GHz, Intel Omni-Path",Japan,2016,,,,9938880.0,,,Intel Xeon Phi 7250 68C 1.4GHz,,Fujitsu Cluster,Linux,Cluster,Academic,,Omnipath,Intel Omni-Path,Eastern Asia,Asia,13554.6,13554.6,,PRIMERGY CX1640 M1,,,,,Oakforest-PACS,556104.0,,,,,,Intel Xeon Phi,1400.0,Linux,68.0,Intel Xeon Phi,6.0,48.0,6.0,,None,,Submitted,13554.6,24913.459,385.47900000000004,2718.7,4.986000000000001,,,,,
TOP500_201711A,201711,9,Joint Center for Advanced High Performance Computing,Fujitsu,"PRIMERGY CX1640 M1, Intel Xeon Phi 7250 68C 1.4GHz, Intel Omni-Path",Japan,2016,,,,9938880.0,,,Intel Xeon Phi 7250 68C 1.4GHz,,Fujitsu Cluster,Linux,Cluster,Academic,,Omnipath,Intel Omni-Path,Eastern Asia,Asia,13554.6,13554.6,,PRIMERGY CX1640 M1,,,,,Oakforest-PACS,556104.0,,,,,,Intel Xeon Phi,1400.0,Linux,68.0,Intel Xeon Phi,7.0,48.0,6.0,,None,,Submitted,13554.6,24913.459,385.47900000000004,2718.7,4.986000000000001,50673.0,178932.0,,,
TOP500_201806A,201806,12,Joint Center for Advanced High Performance Computing,Fujitsu,"PRIMERGY CX1640 M1, Intel Xeon Phi 7250 68C 1.4GHz, Intel Omni-Path",Japan,2016,,,,9938880.0,,,Intel Xeon Phi 7250 68C 1.4GHz,,Fujitsu Cluster,Linux,Cluster,Academic,,Omnipath,Intel Omni-Path,Eastern Asia,Asia,13554.6,13554.6,,PRIMERGY CX1640 M1,,,,,Oakforest-PACS,556104.0,,,,,,Intel Xeon Phi,1400.0,Linux,68.0,Intel Xeon Phi,9.0,48.0,6.0,,None,,Submitted,13554.6,24913.459,385.47900000000004,2718.7,4.986000000000001,50673.0,178932.0,,,
TOP500_201811A,201811,8,Leibniz Rechenzentrum,Lenovo,"ThinkSystem SD530, Xeon Platinum 8174 24C 3.1GHz, Intel Omni-Path",Germany,2018,,,,8402688.0,,,Xeon Platinum 8174 24C 3.1GHz,,Lenovo ThinkSystem,SUSE Linux Enterprise Server 12 SP3,Cluster,Academic,,Omnipath,Intel Omni-Path,Western Europe,Europe,19476.6,19476.6,,ThinkSystem SD530,,,,,SuperMUC-NG,305856.0,,,,,,Intel Skylake,3100.0,Linux,24.0,Xeon Platinum,,52.0,8.0,,None,,,19476.6,26873.856,207.84400000000002,,,48248.0,179566.0,,,
TOP500_201906A,201906,5,Texas Advanced Computing Center/Univ. of Texas,Dell EMC,"Dell C6420, Xeon Platinum 8280 28C 2.7GHz, Mellanox InfiniBand HDR",United States,2019,,,,9262848.0,,,Xeon Platinum 8280 28C 2.7GHz,,Dell PowerEdge Cluster,CentOS Linux 7,Cluster,Academic,,Infiniband,Mellanox InfiniBand HDR,North America,Americas,23516.4,23516.4,,PowerEdge C6420,,,,,Frontera,448448.0,,,,,,Intel Cascade lake,2700.0,Linux,28.0,Xeon Platinum 82xx (Cascade Lake),,53.0,5.0,,None,,,23516.4,38745.907,,,,48958.0,179607.0,,,
TOP500_201911A,201911,5,Texas Advanced Computing Center/Univ. of Texas,Dell EMC,"Dell C6420, Xeon Platinum 8280 28C 2.7GHz, Mellanox InfiniBand HDR",United States,2019,,,,9262848.0,,,Xeon Platinum 8280 28C 2.7GHz,,Dell PowerEdge Cluster,CentOS Linux 7,Cluster,Academic,,Infiniband,Mellanox InfiniBand HDR,North America,Americas,23516.4,23516.4,,PowerEdge C6420,,,,,Frontera,448448.0,,,,,,Intel Cascade lake,2700.0,Linux,28.0,Xeon Platinum 82xx (Cascade Lake),5.0,53.0,5.0,,None,,,23516.4,38745.907,,,,48958.0,179607.0,,,
TOP500_202006A,202006,8,Texas Advanced Computing Center/Univ. of Texas,Dell EMC,"Dell C6420, Xeon Platinum 8280 28C 2.7GHz, Mellanox InfiniBand HDR",United States,2019,,,,9262848.0,,,Xeon Platinum 8280 28C 2.7GHz,,Dell PowerEdge Cluster,CentOS Linux 7,Cluster,Academic,,Infiniband,Mellanox InfiniBand HDR,,North America,23516.4,23516.4,,PowerEdge C6420,,,,,Frontera,448448.0,,,,,,Intel Cascade lake,2700.0,CentOS Linux 7,28.0,Xeon Platinum 82xx (Cascade Lake),5.0,53.0,5.0,,None,,,23516.4,38745.91,,,,48958.0,179607.0,,,
TOP500_202011A,202011,9,Texas Advanced Computing Center/Univ. of Texas,Dell EMC,"Dell C6420, Xeon Platinum 8280 28C 2.7GHz, Mellanox InfiniBand HDR",United States,2019,,,,9262848.0,,,Xeon Platinum 8280 28C 2.7GHz,,Dell PowerEdge Cluster,CentOS Linux 7,Cluster,Academic,,Infiniband,Mellanox InfiniBand HDR,,North America,23516.4,23516.4,,PowerEdge C6420,,,,,Frontera,448448.0,,,,,,Intel Cascade lake,2700.0,Linux,28.0,Xeon Platinum 82xx (Cascade Lake),8.0,53.0,5.0,,None,,,23516.4,38745.907,,,,48958.0,179607.0,,,
TOP500_202106A,202106,10,Texas Advanced Computing Center/Univ. of Texas,Dell EMC,"Dell C6420, Xeon Platinum 8280 28C 2.7GHz, Mellanox InfiniBand HDR",United States,2019,,,,9262848.0,,,Xeon Platinum 8280 28C 2.7GHz,,Dell PowerEdge Cluster,CentOS Linux 7,Cluster,Academic,,Infiniband,Mellanox InfiniBand HDR,,North America,23516.4,23516.4,,PowerEdge C6420,,,,,Frontera,448448.0,,,,,,Intel Cascade lake,2700.0,Linux,28.0,Xeon Platinum 82xx (Cascade Lake),9.0,53.0,5.0,,None,,,23516.4,38745.907,,,,48958.0,179607.0,,,
TOP500_202111A,202111,13,Texas Advanced Computing Center/Univ. of Texas,DELL EMC,"Dell C6420, Xeon Platinum 8280 28C 2.7GHz, Mellanox InfiniBand HDR",United States,2019,,,,9262848.0,,,Xeon Platinum 8280 28C 2.7GHz,,Dell PowerEdge Cluster,CentOS Linux 7,Cluster,Academic,,Infiniband,Mellanox InfiniBand HDR,,North America,23516.4,23516.4,,PowerEdge C6420,,,,,Frontera,448448.0,,,,,,Intel Cascade lake,2700.0,Linux,28.0,Xeon Platinum 82xx (Cascade Lake),10.0,53.0,5.0,,None,,,23516.4,38745.907,,,,48958.0,179607.0,,,
TOP500_202206A,202206,10,Grand Equipement National de Calcul Intensif - Centre Informatique National de l'Enseignement Suprieur (GENCI-CINES),HPE,"HPE Cray EX235a, AMD Optimized 3rd Generation EPYC 64C 2GHz, AMD Instinct MI250X, Slingshot-11",France,2022,,,,4492800.0,,,AMD Optimized 3rd Generation EPYC 64C 2GHz,,HPE Cray EX,HPE Cray OS,MPP,Academic,,Gigabit Ethernet,Slingshot-11,,Europe,46100.0,46100.0,,HPE Cray EX235a,,,,,Adastra,319072.0,,,,,,AMD Zen-3 (Milan),2000.0,Linux,64.0,AMD Milan,,59.0,10.0,297440.0,AMD Instinct MI250X,,Submitted,46100.0,61607.94,562.01,921.48,,50203.0,180051.0,,,50.02821548
TOP500_202211A,202211,4,EuroHPC/CINECA,Atos,"BullSequana XH2000, Xeon Platinum 8358 32C 2.6GHz, NVIDIA A100 SXM4 64 GB, Quad-rail NVIDIA HDR100 Infiniband",Italy,2022,,,,9765504.0,,,Xeon Platinum 8358 32C 2.6GHz,,BullSequana,Linux,Cluster,Academic,,Infiniband,Quad-rail NVIDIA HDR100 Infiniband,,Europe,174700.0,174700.0,,BullSequana XH2000,,,,,Leonardo,1463616.0,,,,,,Intel Ice Lake,2600.0,Linux,32.0,Xeon® Platinum 83xx (Ice Lake),,60.0,4.0,1374912.0,NVIDIA A100 SXM4 64 GB,,Submitted,174700.0,255751.37,2566.75,5610.0,,50944.0,180128.0,,,31.14081996
TOP500_202306A,202306,4,EuroHPC/CINECA,Atos,"BullSequana XH2000, Xeon Platinum 8358 32C 2.6GHz, NVIDIA A100 SXM4 64 GB, Quad-rail NVIDIA HDR100 Infiniband",Italy,2023,,,,10216800.0,,,Xeon Platinum 8358 32C 2.6GHz,,BullSequana,Linux,Cluster,Academic,,Infiniband,Quad-rail NVIDIA HDR100 Infiniband,,Europe,238700.0,238700.0,,BullSequana XH2000,,,,,Leonardo,1824768.0,,,,,,Intel Ice Lake,2600.0,Linux,32.0,Xeon Platinum 83xx (Ice Lake),4.0,60.0,4.0,1714176.0,NVIDIA A100 SXM4 64 GB,,Submitted,238700.0,304465.92,3113.94,7404.4,,50944.0,180128.0,,,32.23758846
TOP500_202311A,202311,6,EuroHPC/CINECA,EVIDEN,"BullSequana XH2000, Xeon Platinum 8358 32C 2.6GHz, NVIDIA A100 SXM4 64 GB, Quad-rail NVIDIA HDR100 Infiniband",Italy,2023,,,,10216800.0,,,Xeon Platinum 8358 32C 2.6GHz,,BullSequana,Linux,Cluster,Academic,,Infiniband,Quad-rail NVIDIA HDR100 Infiniband,,Europe,238700.0,238700.0,,BullSequana XH2000,,,,,Leonardo,1824768.0,,,,,,Intel Ice Lake,2600.0,Linux,32.0,Xeon Platinum 83xx (Ice Lake),4.0,60.0,4.0,1714176.0,NVIDIA A100 SXM4 64 GB,,Submitted,238700.0,304465.92,3113.94,7404.4,,50944.0,180128.0,,,32.23758846
TOP500_202406A,202406,7,EuroHPC/CINECA,EVIDEN,"BullSequana XH2000, Xeon Platinum 8358 32C 2.6GHz, NVIDIA A100 SXM4 64 GB, Quad-rail NVIDIA HDR100 Infiniband",Italy,2023,,,,10229760.0,,,Xeon Platinum 8358 32C 2.6GHz,,BullSequana,Linux,Cluster,Academic,,Infiniband,Quad-rail NVIDIA HDR100 Infiniband,,Europe,241200.0,241200.0,,BullSequana XH2000,,,,,Leonardo,1824768.0,,,,,,Intel Ice Lake,2600.0,Linux,32.0,Xeon Platinum 83xx (Ice Lake),6.0,60.0,4.0,1714176.0,NVIDIA A100 SXM4 64 GB,,Submitted,241200.0,306311.16,3113.94,7493.74,,50944.0,180128.0,,,32.1868653
TOP500_202411A,202411,9,EuroHPC/CINECA,EVIDEN,"BullSequana XH2000, Xeon Platinum 8358 32C 2.6GHz, NVIDIA A100 SXM4 64 GB, Quad-rail NVIDIA HDR100 Infiniband",Italy,2023,,,,10229760.0,,,Xeon Platinum 8358 32C 2.6GHz,,BullSequana,Linux,Cluster,Academic,,Infiniband,Quad-rail NVIDIA HDR100 Infiniband,,Europe,241200.0,241200.0,,BullSequana XH2000,,,,,Leonardo,1824768.0,,,,,,Intel Ice Lake,2600.0,Linux,32.0,Xeon Platinum 83xx (Ice Lake),7.0,60.0,4.0,1714176.0,NVIDIA A100 SXM4 64 GB,,Submitted,241200.0,306311.16,3113.94,7493.74,,50944.0,180128.0,,,32.1868653
TOP500_202506A,202506,10,EuroHPC/CINECA,EVIDEN,"BullSequana XH2000, Xeon Platinum 8358 32C 2.6GHz, NVIDIA A100 SXM4 64 GB, Quad-rail NVIDIA HDR100 Infiniband",Italy,2023,,,,10229760.0,,,Xeon Platinum 8358 32C 2.6GHz,,BullSequana,Linux,Cluster,Academic,,Infiniband,Quad-rail NVIDIA HDR100 Infiniband,,Europe,241200.0,241200.0,,BullSequana XH2000,,,,,Leonardo,1824768.0,,,,,,Intel Ice Lake,2600.0,Linux,32.0,Xeon Platinum 83xx (Ice Lake),9.0,60.0,4.0,1714176.0,NVIDIA A100 SXM4 64 GB,,Submitted,241200.0,306311.16,3113.94,7493.74,,50944.0,180128.0,,,32.1868653
TOP500_202511A,202511,10,EuroHPC/CINECA,EVIDEN,"BullSequana XH2000, Xeon Platinum 8358 32C 2.6GHz, NVIDIA A100 SXM4 64 GB, Quad-rail NVIDIA HDR100 Infiniband",Italy,2023,,,,10229760.0,,,Xeon Platinum 8358 32C 2.6GHz,,BullSequana,Linux,Cluster,Academic,,Infiniband,Quad-rail NVIDIA HDR100 Infiniband,,Europe,241200.0,241200.0,,BullSequana XH2000,,,,,Leonardo,1824768.0,,,,,,Intel Ice Lake,2600.0,Linux,32.0,Xeon Platinum 83xx (Ice Lake),10.0,60.0,4.0,1714176.0,NVIDIA A100 SXM4 64 GB,,Submitted,241200.0,306311.16,3113.94,7493.74,,50944.0,180128.0,,,32.1868653
