Rank,Previous Rank,First Appearance,First Rank,Name,Computer,Site,Manufacturer,Country,Year,Segment,Total Cores,Accelerator/Co-Processor Cores,Rmax [TFlop/s],Rpeak [TFlop/s],Nmax,Nhalf,HPCG [TFlop/s],Power (kW),Power Source,Power Effeciency [GFlops/Watts],Architecture,Processor,Processor Technology,Processor Speed (MHz),Operating System,OS Family,Accelerator/Co-Processor,Cores per Socket,Processor Generation,System Model,System Family,Interconnect Family,Interconnect,Region,Continent,Site ID,System ID
9,7.0,48,6,Oakforest-PACS,"PRIMERGY CX1640 M1, Intel Xeon Phi 7250 68C 1.4GHz, Intel Omni-Path",Joint Center for Advanced High Performance Computing,Fujitsu,Japan,2016,Academic,556104,,13554.6,24913.459,9938880.0,,385.479,2718.7,Submitted,4.986,Cluster,Intel Xeon Phi 7250 68C 1.4GHz,Intel Xeon Phi,1400,Linux,Linux,None,68,Intel Xeon Phi,PRIMERGY CX1640 M1,Fujitsu Cluster,Omnipath,Intel Omni-Path,Eastern Asia,Asia,50673,178932
12,12.0,49,12,Stampede2,"PowerEdge C6320P/C6420, Intel Xeon Phi 7250 68C 1.4GHz/Platinum 8160, Intel Omni-Path",Texas Advanced Computing Center/Univ. of Texas,Dell EMC,United States,2017,Academic,368928,,8317.72,18215.8,5645136.0,,,,,,Cluster,Intel Xeon Phi 7250 68C 1.4GHz,Intel Xeon Phi,1400,CentOS,Linux,None,68,Intel Xeon Phi,PowerEdge C6320P,Dell PowerEdge Cluster,Omnipath,Intel Omni-Path,North America,Americas,48958,179045
13,61.0,49,61,TSUBAME3.0,"SGI ICE XA, IP139-SXM2, Xeon E5-2680v4 14C 2.4GHz, Intel Omni-Path, NVIDIA Tesla P100 SXM2","GSIC Center, Tokyo Institute of Technology",HPE,Japan,2017,Academic,135828,120736.0,8125.0,12127.069,2126208.0,,188.6,792.08,Optimized,10.258,Cluster,Xeon E5-2680v4 14C 2.4GHz,Intel Broadwell,2400,SUSE Linux Enterprise Server 12 SP1,Linux,NVIDIA Tesla P100 NVLink,14,Intel Xeon E5 (Broadwell),"SGI ICE XA (HPE SGI 8600), IP139-SXM2",HPE SGI 8600,Omnipath,Intel Omni-Path,Eastern Asia,Asia,47912,179093
14,14.0,48,12,Marconi Intel Xeon Phi,"CINECA Cluster, Lenovo SD530, Intel Xeon Phi 7250 68C 1.4GHz/Platinum 8160, Intel Omni-Path",CINECA,Lenovo,Italy,2016,Academic,314384,,7471.08,15371.9552,7132608.0,,68.6,,,,Cluster,Intel Xeon Phi 7250 68C 1.4GHz,Intel Xeon Phi,1400,Linux,Linux,None,68,Intel Xeon Phi,CINECA Cluster,CINECA Cluster,Omnipath,Intel Omni-Path,Southern Europe,Europe,47495,178937
16,13.0,49,13,MareNostrum,"Lenovo SD530, Xeon Platinum 8160 24C 2.1GHz, Intel Omni-Path",Barcelona Supercomputing Center,Lenovo,Spain,2017,Academic,153216,,6470.8,10296.115,5990400.0,,122.2,1632.0,Submitted,3.965,Cluster,Xeon Platinum 8160  24C 2.1GHz,Intel Skylake,2100,SUSE Linux,Linux,None,24,Xeon Platinum,ThinkSystem SD530,Lenovo ThinkSystem,Omnipath,Intel Omni-Path,Southern Europe,Europe,49748,179067
20,18.0,45,7,Shaheen II,"Cray XC40, Xeon E5-2698v3 16C 2.3GHz, Aries interconnect ",King Abdullah University of Science and Technology,Cray Inc.,Saudi Arabia,2015,Academic,196608,,5536.99,7235.174,9738048.0,,113.868,2834.0,Submitted,1.954,MPP,Xeon E5-2698v3 16C 2.3GHz,Intel Haswell,2300,Cray Linux Environment ,Linux,None,16,Intel Xeon E5 (Haswell),Cray XC40,Cray XC,Custom Interconnect,Aries interconnect ,Western Asia,Asia,50205,178515
41,37.0,48,33,Camphor 2,"Cray XC40, Intel Xeon Phi 7250 68C 1.4GHz, Aries interconnect ","Academic Center for Computing and Media Studies (ACCMS),  Kyoto University",Cray Inc.,Japan,2016,Academic,122400,,3057.35,5483.52,4579680.0,,,748.1,Submitted,4.087,MPP,Intel Xeon Phi 7250 68C 1.4GHz,Intel Xeon Phi,1400,Cray Linux Environment ,Linux,None,68,Intel Xeon Phi,Cray XC40,Cray XC,Custom Interconnect,Aries interconnect ,Eastern Asia,Asia,50516,178927
43,39.0,46,21,,"Fujitsu PRIMEHPC FX100, SPARC64 XIfx 32C 2.2GHz, Tofu interconnect 2","Information Technology Center, Nagoya University",Fujitsu,Japan,2015,Academic,92160,,2910.0,3244.032,3061760.0,,86.534,1382.4,Derived,2.105,Cluster,SPARC64 XIfx 32C 2.2GHz,Sparc,2200,Linux,Linux,None,32,SPARC64 XIfx,Fujitsu PRIMEHPC FX100,Fujitsu PRIMEHPC,Proprietary Network,Tofu interconnect 2,Eastern Asia,Asia,50495,178646
44,40.0,39,4,SuperMUC,"iDataPlex DX360M4, Xeon E5-2680 8C 2.70GHz, Infiniband FDR",Leibniz Rechenzentrum,IBM/Lenovo,Germany,2012,Academic,147456,,2897.0,3185.05,5201920.0,,83.3,3422.67,Submitted,0.846,Cluster,Xeon E5-2680 8C 2.7GHz,Intel SandyBridge,2700,Linux,Linux,None,8,Intel Xeon E5 (SandyBridge),iDataPlex DX360M4,IBM iDataPlex,Infiniband,Infiniband FDR,Western Europe,Europe,48248,177719
45,41.0,45,20,SuperMUC Phase 2,"NeXtScale nx360M5, Xeon E5-2697v3 14C 2.6GHz, Infiniband FDR14",Leibniz Rechenzentrum,Lenovo/IBM,Germany,2015,Academic,86016,,2813.62,3578.266,4423680.0,,,1480.83,Submitted,1.9,Cluster,Xeon E5-2697v3 14C 2.6GHz,Intel Haswell,2600,Linux,Linux,None,14,Intel Xeon E5 (Haswell),IBM NeXtScale nx360M5,NeXtScale,Infiniband,Infiniband FDR14,Western Europe,Europe,48248,178544
48,44.0,42,11,TSUBAME 2.5,"Cluster Platform SL390s G7, Xeon X5670 6C 2.93GHz, Infiniband QDR, NVIDIA K20x","GSIC Center, Tokyo Institute of Technology",NEC/HPE,Japan,2013,Academic,76032,59136.0,2785.0,5735.68512,1700000.0,,72.525,1398.61,Submitted,1.991,Cluster,Xeon X5670 6C 2.93GHz,Intel Nehalem,2930,SUSE Linux Enterprise Server 11,Linux,NVIDIA Tesla K20x,6,Xeon 5600-series (Westmere-EP),Cluster Platform SL390s G7,HP Cluster Platform 3000SL,Infiniband,Infiniband QDR,Eastern Asia,Asia,47912,178249
54,50.0,49,50,occigen2,"bullx DLC 720, Xeon E5-2690v4 14C 2.6GHz, Infiniband FDR",Grand Equipement National de Calcul Intensif - Centre Informatique National de l'Enseignement Suprieur (GENCI-CINES),Bull,France,2016,Academic,85824,,2494.65,3570.278,3889152.0,,45.5,1430.0,Submitted,1.745,Cluster,Xeon E5-2690v4 14C 2.6GHz,Intel Broadwell,2600,bullx SCS,Linux,None,14,Intel Xeon E5 (Broadwell),bullx DLC 720,Bull Bullx,Infiniband,Infiniband FDR,Western Europe,Europe,50203,179092
63,59.0,43,129,Lomonosov 2,"T-Platform A-Class Cluster, Xeon E5-2697v3 14C 2.6GHz, Infiniband FDR, Nvidia K40m",Moscow State University - Research Computing Center,T-Platforms,Russia,2014,Academic,42688,22080.0,2102.0,2962.253,2308096.0,705000.0,31.5,1079.0,Submitted,1.948,Cluster,Xeon E5-2697v3 14C 2.6GHz,Intel Haswell,2600,Linux,Linux,NVIDIA Tesla K40m,14,Intel Xeon E5 (Haswell),T-Platforms A-Class Cluster,T-Platforms Cluster,Infiniband,Infiniband FDR,Eastern Europe,Europe,50104,178444
65,358.0,48,265,Mogon II,"NEC Cluster, Xeon Gold 6130 16C 2.1GHz, MEGWARE MiriQuid Xeon E5-2630v4, Intel Omni-Path",Universitaet Mainz,NEC/MEGWARE,Germany,2017,Academic,49432,,1967.81,2800.86998,3179520.0,888000.0,,657.0,Submitted,2.995,Cluster,Xeon Gold 6130 16C 2.1GHz,Intel Skylake,2100,CentOS,Linux,None,16,Xeon Gold,NEC Cluster,NEC Cluster,Omnipath,Intel Omni-Path,Western Europe,Europe,49102,178930
69,83.0,44,32,Beskow,"Cray XC40, Xeon E5-2695v4/E5-2698v3 16C 2.3GHz, Aries interconnect ",KTH - Royal Institute of Technology,Cray Inc.,Sweden,2017,Academic,67456,,1802.51,2438.14,3932160.0,,,842.0,Derived,2.141,MPP,Xeon E5-2698v3 16C 2.3GHz,Intel Haswell,2300,Cray Linux Environment ,Linux,None,16,Intel Xeon E5 (Haswell),Cray XC40,Cray XC,Custom Interconnect,Aries interconnect ,Northern Europe,Europe,48188,178448
72,66.0,47,46,Marconi Intel Xeon,"Lenovo NeXtScale nx360M5, Xeon E5-2697v4 18C 2.3GHz, Omni-Path",CINECA,Lenovo,Italy,2016,Academic,54432,,1723.89,2003.098,4320000.0,,,1360.8,Derived,1.267,Cluster,Xeon E5-2697v4 18C 2.3GHz,Intel Broadwell,2300,Linux,Linux,None,18,Intel Xeon E5 (Broadwell),Lenovo NeXtScale nx360 M5,Lenovo NeXtScale,Omnipath,Intel Omni-Path,Southern Europe,Europe,47495,178755
75,,50,75,Peta4,"Dell C6420, Xeon Gold 6142 16C 2.6GHz, Intel Omni-Path",University of Cambridge,Dell EMC,United Kingdom,2017,Academic,46464,,1696.6,2875.0,3764880.0,,,479.76,Submitted,3.536,Cluster,Xeon Gold 6142 16C 2.6GHz,Intel Skylake,2600,Scientific Linux,Linux,None,16,Xeon Gold,Dell C6420,Dell PowerEdge Cluster,Omnipath,Intel Omni-Path,Northern Europe,Europe,49143,179305
76,70.0,49,70,Raijin,"Hybrid Cluster PRIMERGY/x3550 M5/PowerEdge/Rackable/Rackable, Xeon , Infiniband EDR, NVIDIA Tesla P100, Xeon Phi",National Computational Infrastructure National Facility (NCI-NF),Fujitsu / Lenovo / Xenon,Australia,2012,Academic,87224,3984.0,1676.22,3801.424,3719424.0,,,,,,Cluster,Xeon E5-2690v4 14C 2.6GHz,Intel Broadwell,2600,CentOS,Linux,NVIDIA Tesla P100,14,Intel Xeon E5 (Broadwell),Hybrid Cluster PRIMERGY/x3550 M5/PowerEdge/Rackable,Hybrid Cluster,Infiniband,Infiniband EDR,Australia and New Zealand,Oceania,47369,179115
77,71.0,45,48,Prometheus,"HP Apollo 8000, Xeon E5-2680v3 12C 2.5GHz, Infiniband FDR, NVIDIA Tesla K40",Cyfronet,HPE,Poland,2015,Academic,55728,2160.0,1670.09,2348.64,5439592.0,,39.9,807.6,Submitted,2.068,Cluster,Xeon E5-2680v3 12C 2.5GHz,Intel Haswell,2500,Linux,Linux,NVIDIA Tesla K40,12,Intel Xeon E5 (Haswell),HP Apollo 8000,HP Apollo,Infiniband,Infiniband FDR,Eastern Europe,Europe,47634,178534
87,78.0,45,39,Salomon,"SGI ICE X, Xeon E5-2680v3 12C 2.5GHz, Infiniband FDR, Intel Xeon Phi 7120P","IT4Innovations National Supercomputing Center, VSB-Technical University of Ostrava",HPE,Czech Republic,2015,Academic,76896,52704.0,1457.73,2011.641,2838528.0,,,4806.0,Derived,0.303,Cluster,Xeon E5-2680v3 12C 2.5GHz,Intel Haswell,2500,CentOS,Linux,Intel Xeon Phi 7120P,12,Intel Xeon E5 (Haswell),SGI ICE X,SGI ICE,Infiniband,Infiniband FDR,Eastern Europe,Europe,50561,178525
94,86.0,49,86,Cedar,"Dell C4130/Dell C6320, Xeon E5-2650v4/E5-2683-v4, Intel Omni-Path, NVIDIA Tesla P100",Simon Fraser University/Compute Canada,Dell EMC,Canada,2017,Academic,59776,32256.0,1337.0,3710.464,940800.0,472320.0,,167.0,Submitted,8.006,Cluster,Xeon E5-2650v4 12C 2.2GHz,Intel Broadwell,2200,CentOS,Linux,NVIDIA Tesla P100,12,Intel Xeon E5 (Broadwell),Dell C4130,Dell PowerEdge Cluster,Omnipath,Intel Omni-Path,North America,Americas,50722,179113
107,93.0,40,118,Sisu,"Cray XC40, Xeon E5-2690v3 12C 2.6GHz, Aries interconnect ",CSC (Center for Scientific Computing),Cray Inc.,Finland,2014,Academic,40608,,1250.0,1689.2928,3301440.0,,,680.0,Submitted,1.838,MPP,Xeon E5-2690v3 12C 2.6GHz,Intel Haswell,2600,Cray Linux Environment ,Linux,None,12,Intel Xeon E5 (Haswell),Cray XC40,Cray XC,Custom Interconnect,Aries interconnect ,Northern Europe,Europe,47508,177826
109,,50,109,Era-AI,"Sugon Cluster W780I, Xeon E5-2650v4 12C 2.2GHz, NVIDIA Tesla P100, Infiniband FDR","Computer Network Information Center, Chinese Academy of Science",Sugon,China,2017,Academic,22656,21504.0,1238.0,1845.3504,786000.0,,,144.0,Submitted,8.597,Cluster,Xeon E5-2650v4 12C 2.2GHz,Intel Broadwell,2200,CentOS,Linux,NVIDIA Tesla P100,12,Intel Xeon E5 (Broadwell),Sugon Cluster W780I,Sugon Cluster,Infiniband,Infiniband FDR,Eastern Asia,Asia,47553,179247
110,95.0,49,95,Graham,"Huawei X6800 V3, Xeon E5-2683 v4  16C 2.1GHz, Infiniband EDR/FDR, NVIDIA Tesla P100",SHARCNET - University of Waterloo,Huawei,Canada,2017,Academic,51200,17920.0,1228.0,2641.408,2000320.0,,21.6,546.04,Submitted,2.249,Cluster,Xeon E5-2683 v4  16C 2.1GHz,Intel Broadwell,2100,CentOS,Linux,NVIDIA Tesla P100,16,Intel Xeon E5 (Broadwell),Huawei X6800 V3,Huawei Cluster,Infiniband,Infiniband EDR/FDR,North America,Americas,50703,179047
115,100.0,49,100,Wilkes-2,"Dell C4130, Xeon E5-2650v4 12C 2.2GHz, Infiniband EDR, NVIDIA Tesla P100",University of Cambridge,Dell EMC,United Kingdom,2017,Academic,21240,20160.0,1193.0,1751.616,849600.0,,,114.4,Submitted,10.428,Cluster,Xeon E5-2650v4 12C 2.2GHz,Intel Broadwell,2200,Scientific Linux,Linux,NVIDIA Tesla P100,12,Intel Xeon E5 (Broadwell),Dell C4130,Dell PowerEdge Cluster,Infiniband,Infiniband EDR,Northern Europe,Europe,49143,179044
121,102.0,45,53,Sekirei,"SGI ICE XA, Xeon E5-2680v3 12C 2.5GHz, Infiniband FDR",University of Tokyo/Institute for Solid State Physics,HPE,Japan,2015,Academic,38016,,1178.3,1520.64,3194880.0,,,580.9,Submitted,2.028,Cluster,Xeon E5-2680v3 12C 2.5GHz,Intel Haswell,2500,SUSE Linux Enterprise Server 11,Linux,None,12,Intel Xeon E5 (Haswell),SGI ICE XA,SGI ICE,Infiniband,Infiniband FDR,Eastern Asia,Asia,49208,178526
142,113.0,45,58,Cartesius 2,"Bullx DLC B710/B720 Blades, Xeon E5-2695 v2 2.4GHz E5-2690v3 2.6GHz, Infiniband FDR",SURFsara,Bull,Netherlands,2015,Academic,38880,,1088.51,1327.104,3081600.0,,19.5,706.0,Submitted,1.542,Cluster,Xeon E5-2690v3 12C 2.6GHz,Intel Haswell,2600,bullx SCS,Linux,None,12,Intel Xeon E5 (Haswell),Bullx DLC B710 Blades,Bull Bullx,Infiniband,Infiniband FDR,Western Europe,Europe,50498,178551
146,115.0,39,29,Turing,"BlueGene/Q, Power BQC 16C 1.60GHz, Custom",CNRS/IDRIS-GENCI,IBM,France,2012,Academic,98304,,1073.327,1258.291,,,,493.12,Submitted,2.177,MPP,Power BQC 16C 1.6GHz,PowerPC,1600,Linux,Linux,None,16,Power BQC,BlueGene/Q,IBM BlueGene,Custom Interconnect,Custom Interconnect,Western Europe,Europe,50403,177728
147,116.0,39,20,DiRAC,"BlueGene/Q, Power BQC 16C 1.60GHz, Custom",University of Edinburgh,IBM,United Kingdom,2012,Academic,98304,,1073.327,1258.291,,,,493.12,Submitted,2.177,MPP,Power BQC 16C 1.6GHz,PowerPC,1600,Linux,Linux,None,16,Power BQC,BlueGene/Q,IBM BlueGene,Custom Interconnect,Custom Interconnect,Northern Europe,Europe,49151,177724
152,120.0,44,46,QB-2,"Dell C8220X Cluster, Intel Xeon E5-2680v2  10C 2.8GHz, Infiniband FDR, NVIDIA K20x",Louisiana Optical Network Initiative,Dell EMC,United States,2014,Academic,23040,13440.0,1052.0,1473.6,1799168.0,,,500.0,Submitted,2.104,Cluster,Intel Xeon E5-2680v2  10C 2.8GHz,Intel IvyBridge,2800,Redhat Enterprise Linux 6.4,Linux,NVIDIA Tesla K20x,10,Intel Xeon E5 (IvyBridge),Dell C8220X Cluster,Dell PowerEdge Cluster,Infiniband,Infiniband FDR,North America,Americas,49926,178467
157,123.0,39,18,Oakleaf-FX,"PRIMEHPC FX10, SPARC64 IXfx 16C 1.848GHz, Tofu interconnect","Information Technology Center, The University of Tokyo",Fujitsu,Japan,2012,Academic,76800,,1043.0,1135.411,4058880.0,,,1176.8,Submitted,0.886,Cluster,SPARC64 IXfx 16C 1.85GHz,Sparc,1848,Linux,Linux,None,16,SPARC64 IXfx,PRIMEHPC FX10,Fujitsu Cluster,Custom Interconnect,Tofu interconnect,Eastern Asia,Asia,50096,177789
162,125.0,48,106,TX-Green,"S7200AP Cluster, Intel Xeon Phi 7210 64C 1.3GHz, Intel Omni-Path",MIT/Lincoln Laboratory,Dell EMC,United States,2016,Academic,41472,,1032.82,1725.235,3943968.0,,,,,,Cluster,Intel Xeon Phi 7210 64C 1.3GHz,Intel Xeon Phi,1300,CentOS,Linux,None,64,Intel Xeon Phi,Intel S7200AP Cluster,Intel Cluster,Omnipath,Intel Omni-Path,North America,Americas,48296,178939
164,126.0,45,65,Taurus,"bullx DLC 720, Xeon E5-2680v3 12C 2.5GHz, Infiniband FDR","TU Dresden, ZIH",Bull,Germany,2015,Academic,34656,,1029.94,1386.24,2772480.0,,,582.0,Submitted,1.77,Cluster,Xeon E5-2680v3 12C 2.5GHz,Intel Haswell,2500,Bullx Linux,Linux,None,12,Intel Xeon E5 (Haswell),bullx DLC 720,Bull Bullx,Infiniband,Infiniband FDR,Western Europe,Europe,50565,178555
165,127.0,47,121,Lengau,"PowerEdge C6320, Xeon E5-2690v3 12C 2.6GHz, Infiniband FDR",Centre for High Performance Computing,Dell EMC,South Africa,2016,Academic,32856,,1029.32,1366.81,3105408.0,,,685.0,Submitted,1.503,Cluster,Xeon E5-2690v3 12C 2.6GHz,Intel Haswell,2600,CentOS,Linux,None,12,Intel Xeon E5 (Haswell),PowerEdge C6320,Dell PowerEdge Cluster,Infiniband,Infiniband FDR,Southern Africa,Africa,50165,178793
169,128.0,42,36,QUARTETTO,"HA8000-tc HT210/PRIMERGY CX400 Cluster, Xeon E5-2680 8C 2.700GHz, Infiniband FDR, NVIDIA K20/K20x, Xeon Phi 5110P","Research Institute for Information Technology, Kyushu University",Hitachi/Fujitsu,Japan,2013,Academic,222072,157128.0,1018.0,1502.2362,3709056.0,,,19431.3,Derived,0.052,Cluster,Xeon E5-2680 8C 2.7GHz,Intel SandyBridge,2700,Redhat Enterprise Linux 6,Linux,"NVIDIA K20/K20x, Xeon Phi 5110P",8,Intel Xeon E5 (SandyBridge),HA8000-tc HT210/PRIMERGY CX400 Cluster,Quartetto Cluster,Infiniband,Infiniband FDR,Eastern Asia,Asia,50421,178251
170,129.0,46,78,Lonestar 5,"Cray XC40, Xeon E5-2690v3 12C 2.6GHz, Aries interconnect ",Texas Advanced Computing Center/Univ. of Texas,Cray Inc.,United States,2015,Academic,30048,,1017.04,1249.997,3092352.0,,,586.88,Derived,1.733,MPP,Xeon E5-2690v3 12C 2.6GHz,Intel Haswell,2600,Cray Linux Environment ,Linux,None,12,Intel Xeon E5 (Haswell),Cray XC40,Cray XC,Custom Interconnect,Aries interconnect ,North America,Americas,48958,178615
172,131.0,46,79,EAGLE,"Huawei E9000 Blade Server, Xeon E5-2697v3 14C 2.6GHz, 56G Infiniband FDR",PCSS Poznan,Huawei,Poland,2015,Academic,32984,,1013.721,1372.134,2739840.0,,8.5,549.6,Submitted,1.844,Cluster,Xeon E5-2697v3 14C 2.6GHz,Intel Haswell,2600,Linux,Linux,None,14,Intel Xeon E5 (Haswell),Huawei E9000 Blade Server,Huawei Cluster,Infiniband,56G Infiniband FDR,Eastern Europe,Europe,50183,178748
176,135.0,45,125,Tryton,"HP ProLiant XL230a Gen9/Huawei RH1288/SOLAR 820 S5, Xeon E5-2670v3 12C 2.3GHz, Infiniband",Academic Computer Centre in Gdansk,Megatel/Action,Poland,2015,Academic,38400,,1010.94,1413.12,3482000.0,,,864.0,Derived,1.17,Cluster,Xeon E5-2670v3 12C 2.3GHz,Intel Haswell,2300,Linux,Linux,None,12,Intel Xeon E5 (Haswell),HP ProLiant XL230a Gen9,HP Cluster,Infiniband,Infiniband,Eastern Europe,Europe,50571,178552
182,140.0,42,121,Konrad,"Cray XC40, Intel Xeon E5-2695v2/E5-2680v3 12C 2.4/2.5GHz, Aries interconnect ",HLRN at ZIB/Konrad Zuse-Zentrum Berlin,Cray Inc.,Germany,2014,Academic,44928,,991.525,1425.715,3110399.0,,,877.5,Derived,1.13,MPP,Intel Xeon E5-2695v2 12C 2.4GHz,Intel IvyBridge,2400,Cray Linux Environment ,Linux,None,12,Intel Xeon E5 (IvyBridge),Cray XC40,Cray XC,Custom Interconnect,Aries interconnect ,Western Europe,Europe,49361,178323
190,145.0,41,28,Conte,"Cluster Platform SL250s Gen8, Xeon E5-2670 8C 2.600GHz, Infiniband FDR, Intel Xeon Phi 5110P",Purdue University,HPE,United States,2013,Academic,77520,68400.0,976.763,1341.096,1793088.0,,,510.0,Submitted,1.915,Cluster,Xeon E5-2670 8C 2.6GHz,Intel SandyBridge,2600,Linux,Linux,Intel Xeon Phi 5110P,8,Intel Xeon E5 (SandyBridge),Cluster Platform SL250s Gen8,HP Cluster Platform 3000SL,Infiniband,Infiniband FDR,North America,Americas,48657,178084
202,153.0,49,153,Fram,"Lenovo NeXtScale nx360M5, Xeon E5-2683 v4  16C 2.1GHz, Infiniband EDR",UNINETT Sigma2 AS,Lenovo,Norway,2017,Academic,32192,,953.571,1081.651,2540000.0,,,,,,Cluster,Xeon E5-2683 v4  16C 2.1GHz,Intel Broadwell,2100,Linux,Linux,None,16,Intel Xeon E5 (Broadwell),Lenovo NeXtScale nx360 M5,Lenovo NeXtScale,Infiniband,Infiniband EDR,Northern Europe,Europe,50713,179072
223,161.0,47,108,OKEANOS,"Cray XC40, Xeon E5-2690v3 12C 2.6GHz, Aries interconnect ","Interdisciplinary Centre for Mathematical and Computational Modelling, University of Warsaw",Cray Inc.,Poland,2016,Academic,26016,,909.614,1082.266,4070592.0,,,585.36,Derived,1.554,MPP,Xeon E5-2690v3 12C 2.6GHz,Intel Haswell,2600,Cray Linux Environment ,Linux,None,12,Intel Xeon E5 (Haswell),Cray XC40,Cray XC,Custom Interconnect,Aries interconnect ,Eastern Europe,Europe,49655,178753
227,164.0,37,13,Lomonosov,"T-Platforms T-Blade2/1.1, Xeon X5570/X5670/E5630 2.93/2.53 GHz, Nvidia 2070 GPU, PowerXCell 8i Infiniband QDR",Moscow State University - Research Computing Center,T-Platforms,Russia,2011,Academic,78660,29820.0,901.9,1700.21,2150399.0,,1.7,2800.0,Submitted,0.322,Cluster,Xeon X5670 6C 2.93GHz,Intel Nehalem,2930,Linux,Linux,NVIDIA 2070,6,Xeon 5600-series (Westmere-EP),T-Platforms T-Blade2,T-Platforms Cluster,Infiniband,Infiniband,Eastern Europe,Europe,50104,177421
228,165.0,45,78,SERC,"Cray XC40, Xeon E5-2680v3 12C 2.5GHz, Aries interconnect ","Supercomputer Education and Research Centre (SERC), Indian Institute of Science",Cray Inc.,India,2015,Academic,31104,,901.506,1244.16,3245184.0,,,607.5,Derived,1.484,MPP,Xeon E5-2680v3 12C 2.5GHz,Intel Haswell,2500,Cray Linux Environment ,Linux,None,12,Intel Xeon E5 (Haswell),Cray XC40,Cray XC,Custom Interconnect,Aries interconnect ,South-central Asia,Asia,50560,178517
229,166.0,39,102,,"BlueGene/Q, Power BQC 16C 1.60GHz, Custom",Rensselaer Polytechnic Institute,IBM,United States,2012,Academic,81920,,894.439,1048.576,,,,410.9,Submitted,2.177,MPP,Power BQC 16C 1.6GHz,PowerPC,1600,Linux,Linux,None,16,Power BQC,BlueGene/Q,IBM BlueGene,Custom Interconnect,Custom Interconnect,North America,Americas,48688,177735
244,172.0,41,115,Palmetto2,"HP SL250s Gen8/Lenovo NX360M5, Dell C4130, Xeon E5-2665 8C 2.4GHz/E5-2670v2, Infiniband FDR, Nvidia K20m/K40/K20/P100",Clemson University,HPE,United States,2013,Academic,23452,14776.0,870.0,1550.4764,1641472.0,,,1123.5,Submitted,0.774,Cluster,Xeon E5-2665 8C 2.4GHz,Intel SandyBridge,2400,Linux,Linux,NVIDIA Tesla K20m,8,Intel Xeon E5 (SandyBridge),Cluster Platform SL250s Gen8,HP Cluster Platform 3000SL,Infiniband,Infiniband FDR,North America,Americas,50100,178083
251,,50,251,IRIDIS,"ThinkSystem SD530, Xeon Gold 6138 20C 2GHz, Infiniband EDR",University of Southampton,Lenovo,United Kingdom,2017,Academic,20400,,864.529,1305.6,3262560.0,,,,,,Cluster,Xeon Gold 6138 20C 2GHz,Intel Skylake,2000,Linux,Linux,None,20,Xeon Gold,ThinkSystem SD530,Lenovo ThinkSystem,Infiniband,Infiniband EDR,Northern Europe,Europe,49200,179161
273,189.0,42,120,Gottfried,"Cray XC40, Intel Xeon E5-2695v2 12C 2.4GHz/E5-2680v3 12C 2.5GHz, Aries interconnect ",HLRN at Universitaet Hannover / RRZN,Cray Inc.,Germany,2014,Academic,40320,,829.805,1241.395,3001680.0,,,787.5,Derived,1.054,MPP,Intel Xeon E5-2695v2 12C 2.4GHz,Intel IvyBridge,2400,Cray Linux Environment ,Linux,None,12,Intel Xeon E5 (IvyBridge),Cray XC40,Cray XC,Custom Interconnect,Aries interconnect ,Western Europe,Europe,49362,178189
279,193.0,49,193,Laurel 2,"Cray CS400, Xeon E5-2695v4 18C 2.1GHz, Intel Omni-Path","Academic Center for Computing and Media Studies (ACCMS),  Kyoto University",Cray Inc.,Japan,2017,Academic,30600,,821.9,1028.16,3413916.0,,,357.11,Submitted,2.302,Cluster,Xeon E5-2695v4 18C 2.1GHz,Intel Broadwell,2100,Cray Linux Environment ,Linux,None,18,Intel Xeon E5 (Broadwell),Cray CS400,Cray CS400,Omnipath,Intel Omni-Path,Eastern Asia,Asia,50516,179096
291,,50,291,Reedbush-L,"SGI Rackable C1102-GP8, Xeon E5-2695v4 18C 2.1GHz, Infiniband EDR, NVIDIA Tesla P100 NVLink","Information Technology Center, The University of Tokyo",HPE,Japan,2017,Academic,16640,14336.0,805.6,1434.214,731136.0,,23.4,79.24,Submitted,10.167,Cluster,Xeon E5-2695v4 18C 2.1GHz,Intel Broadwell,2100,RHEL 7.3,Linux,NVIDIA Tesla P100 NVLink,18,Intel Xeon E5 (Broadwell),SGI Rackable C1102-GP8,Rackable Cluster,Infiniband,Infiniband EDR,Eastern Asia,Asia,50096,179171
295,203.0,49,203,Reedbush-H,"SGI Rackable C1102-GP8, Xeon E5-2695v4 18C 2.1GHz, Infiniband FDR, NVIDIA Tesla P100 SXM2","Information Technology Center, The University of Tokyo",HPE,Japan,2017,Academic,17760,13440.0,802.4,1417.152,802400.0,,22.2,93.57,Submitted,8.575,Cluster,Xeon E5-2695v4 18C 2.1GHz,Intel Broadwell,2100,RHEL 7.3,Linux,NVIDIA Tesla P100 NVLink,18,Intel Xeon E5 (Broadwell),SGI Rackable C1102-GP8,Rackable Cluster,Infiniband,Infiniband FDR,Eastern Asia,Asia,50096,179107
298,204.0,41,63,Aterui,"Cray XC40, Xeon E5-2690v3 12C 2.6GHz, Aries interconnect ",National Astronomical Observatory of Japan,Cray Inc.,Japan,2014,Academic,25440,,801.4,1058.304,3742272.0,,,568.5,Submitted,1.41,MPP,Xeon E5-2690v3 12C 2.6GHz,Intel Haswell,2600,Cray Linux Environment ,Linux,None,12,Intel Xeon E5 (Haswell),Cray XC40,Cray XC,Custom Interconnect,Aries interconnect ,Eastern Asia,Asia,50097,178066
302,,50,302,Brown,"PowerEdge R640, Xeon Gold 6126 12C 2.6GHz, Infiniband EDR",Purdue University,Dell EMC,United States,2017,Academic,12960,,793.245,1078.272,2330880.0,,,240.0,Submitted,3.305,Cluster,Xeon Gold 6126 12C 2.6GHz,Intel Skylake,2600,Linux,Linux,None,12,Xeon Gold,PowerEdge R640,Dell PowerEdge Cluster,Infiniband,Infiniband EDR,North America,Americas,48657,179169
308,208.0,49,208,,"Huawei X6800 V3, Xeon E5-2683 v4  16C 2.1GHz, Infiniband EDR",University (A),Huawei,China,2017,Academic,28160,,787.103,946.176,3356160.0,,,357.5,Submitted,2.202,Cluster,Xeon E5-2683 v4  16C 2.1GHz,Intel Broadwell,2100,CentOS,Linux,None,16,Intel Xeon E5 (Broadwell),Huawei X6800 V3,Huawei Cluster,Infiniband,Infiniband EDR,Eastern Asia,Asia,50705,179050
313,214.0,45,86,XStream,"Cray CS-Storm, Intel Xeon E5-2680v2  10C 2.8GHz, Infiniband FDR, Nvidia K80",Stanford Research Computing Center,Cray Inc.,United States,2015,Academic,14820,13520.0,781.3,1001.692,1207296.0,,23.0,190.0,Submitted,4.112,Cluster,Intel Xeon E5-2680v2  10C 2.8GHz,Intel IvyBridge,2800,Linux,Linux,NVIDIA Tesla K80,10,Intel Xeon E5 (IvyBridge),Cray CS-Storm,Cray CS-Storm,Infiniband,Infiniband FDR,North America,Americas,50575,178566
315,216.0,45,87,Sekirei-ACC,"SGI ICE XA, Xeon E5-2680v3 12C 2.5GHz, Infiniband FDR, Nvidia K40",University of Tokyo/Institute for Solid State Physics,HPE,Japan,2015,Academic,15552,8640.0,777.4,1100.16,1935360.0,,,255.3,Submitted,3.045,Cluster,Xeon E5-2680v3 12C 2.5GHz,Intel Haswell,2500,SUSE Linux Enterprise Server 11,Linux,NVIDIA Tesla K40,12,Intel Xeon E5 (Haswell),SGI ICE XA,SGI ICE,Infiniband,Infiniband FDR,Eastern Asia,Asia,49208,178527
320,221.0,47,126,ForHLR II,"Lenovo NeXtScale nx360M5, Xeon E5-2660v3 10C 2.6GHz, Infiniband EDR/FDR",Karlsruher Institut für Technologie (KIT) ,Lenovo,Germany,2016,Academic,22960,,768.336,955.136,2865408.0,,,435.0,Submitted,1.766,Cluster,Xeon E5-2660v3 10C 2.6GHz,Intel Haswell,2600,Linux,Linux,None,10,Intel Xeon E5 (Haswell),Lenovo NeXtScale nx360 M5,Lenovo NeXtScale,Infiniband,Infiniband EDR/FDR,Western Europe,Europe,50444,178840
344,240.0,43,51,COMA (PACS-IX),"Cray CS300 1027GR, Intel Xeon E5-2670v2  10C 2.500GHz, Infiniband FDR, Intel Xeon Phi 7110P","Center for Computational Sciences, University of Tsukuba",Cray Inc.,Japan,2014,Academic,55664,47824.0,745.997,998.502,1638400.0,,,365.8,Submitted,2.039,Cluster,Intel Xeon E5-2670v2  10C 2.5GHz,Intel IvyBridge,2500,Linux,Linux,Intel Xeon Phi 7110P,10,Intel Xeon E5 (IvyBridge),Cray CS300 1027GR,Cray CS300,Infiniband,Infiniband FDR,Eastern Asia,Asia,47529,178326
351,246.0,46,114,HiperGator 2.0,"PowerEdge C6320, Xeon E5-2698v3 16C 2.3GHz, Infiniband",University of Florida,Dell EMC,United States,2015,Academic,29184,,738.065,1073.971,3500160.0,,,384.0,Submitted,1.922,Cluster,Xeon E5-2698v3 16C 2.3GHz,Intel Haswell,2300,Redhat Enterprise Linux 6.5,Linux,None,16,Intel Xeon E5 (Haswell),PowerEdge C6320,Dell PowerEdge Cluster,Infiniband,Infiniband,North America,Americas,49751,178663
352,247.0,45,94,Earth System Numerical Simulator,"Sugon Cluster TC4600E, Xeon E5-2680v3 12C 2.5GHz, Infiniband FDR","LASG/Institute of Atmospheric Physics, CAS",Sugon,China,2015,Academic,24912,,738.0,996.48,4223000.0,,6.3,540.0,Submitted,1.367,Cluster,Xeon E5-2680v3 12C 2.5GHz,Intel Haswell,2500,Linux,Linux,None,12,Intel Xeon E5 (Haswell),Sugon Cluster TC4600E,Sugon Cluster,Infiniband,Infiniband FDR,Eastern Asia,Asia,49542,178562
371,264.0,40,67,BGQ,"BlueGene/Q, Power BQC 16C 1.600GHz, Custom Interconnect",SOSCIP/LKSAVI/University of Toronto,IBM,Canada,2012,Academic,65536,,715.551,838.861,,,,328.75,Submitted,2.177,MPP,Power BQC 16C 1.6GHz,PowerPC,1600,Linux,Linux,None,16,Power BQC,BlueGene/Q,IBM BlueGene,Custom Interconnect,Custom Interconnect,North America,Americas,50424,177831
377,272.0,48,202,Owens,"Dell PowerEdge C6320/R730, Xeon E5-2680v4 14C 2.4GHz, Infiniband EDR",Ohio Supercomputer Center,Dell EMC,United States,2016,Academic,22372,,705.969,859.085,3459830.0,,,323.5,Submitted,2.182,Cluster,Xeon E5-2680v4 14C 2.4GHz,Intel Broadwell,2400,RHEL 7.2,Linux,None,14,Intel Xeon E5 (Broadwell),Dell PowerEdge C6320/R730,Dell PowerEdge Cluster,Infiniband,Infiniband EDR,North America,Americas,48558,178935
382,,50,382,AMSS,"Lenovo SD530, Xeon Gold 6140 18C 2.3GHz, Infiniband EDR",Academy of Mathematics and System Science,Lenovo,China,2017,Academic,14688,,702.782,1081.036,2798784.0,,,,,,Cluster,Xeon Gold 6140 18C 2.3GHz,Intel Skylake,2300,Linux,Linux,None,18,Xeon Gold,ThinkSystem SD530,Lenovo ThinkSystem,Infiniband,Infiniband EDR,Eastern Asia,Asia,49460,179250
384,275.0,45,134,BEM,"Actina Solar 820 S6, Xeon E5-2670v3/E5-2697v3 14C/12C 2.6/2.3GHz, Infiniband FDR",Wroclaw Centre for Networking and Supercomputing,ACTION,Poland,2015,Academic,22656,,695.59,859.546,2655300.0,,,353.0,Submitted,1.971,Cluster,Xeon E5-2670v3 12C 2.3GHz,Intel Haswell,2300,Scientific Linux,Linux,None,12,Intel Xeon E5 (Haswell),Actina Solar 820 S6,ACTION Cluster,Infiniband,Infiniband FDR,Eastern Europe,Europe,50102,178576
394,281.0,48,211,Occigen2,"bullx DLC 720, Xeon E5-2690v4 14C 2.6GHz, Infiniband FDR",Centre Informatique National (CINES),Bull,France,2016,Academic,19488,,685.985,810.7008,2117568.0,,,,,,Cluster,Xeon E5-2690v4 14C 2.6GHz,Intel Broadwell,2600,bullx SCS,Linux,None,14,Intel Xeon E5 (Broadwell),bullx DLC 720,Bull Bullx,Infiniband,Infiniband FDR,Western Europe,Europe,47533,178964
396,282.0,45,104,GALILEO,"IBM NeXtScale nx360M4, Xeon E5-2630v3 8C 2.4GHz, Infiniband QDR, Intel Xeon Phi 7120P",CINECA,IBM/Lenovo,Italy,2015,Academic,50232,44408.0,684.252,1103.066,2210560.0,,4.6,2825.55,Derived,0.242,Cluster,Xeon E5-2630v3 8C 2.4GHz,Intel Haswell,2400,Linux,Linux,Intel Xeon Phi 7120P,8,Intel Xeon E5 (Haswell),IBM NeXtScale nx360M4,NeXtScale,Infiniband,Infiniband QDR,Southern Europe,Europe,47495,178549
399,285.0,47,153,,"Lenovo x240 M5, Xeon E5-2690v3 12C 2.6GHz, Infiniband FDR",Nanjing University,Lenovo,China,2016,Academic,21504,,679.87,894.566,2394624.0,,,672.0,Derived,1.012,Cluster,Xeon E5-2690v3 12C 2.6GHz,Intel Haswell,2600,Linux,Linux,None,12,Intel Xeon E5 (Haswell),Lenovo x240 M5,Lenovo Cluster,Infiniband,Infiniband FDR,Eastern Asia,Asia,50251,178798
412,298.0,44,80,Polytechnic RSC Tornado,"RSC Tornado, Xeon E5-2697v3 14C 2.6GHz, Infiniband FDR",St. Petersburg Polytechnic University,RSC Group,Russia,2014,Academic,19936,,658.112,829.3376,2253120.0,,,320.0,Submitted,2.057,Cluster,Xeon E5-2697v3 14C 2.6GHz,Intel Haswell,2600,CentOS,Linux,None,14,Intel Xeon E5 (Haswell),RSC Tornado,RSC Cluster,Infiniband,Infiniband FDR,Eastern Europe,Europe,50548,178469
435,311.0,41,53,HPCC,"Cluster Platform SL250s Gen8/Lenovo nx360M5 , Xeon E5-2665 8C 2.4GHz, Infiniband FDR, Nvidia K20m/K40m",University of Southern California,HPE,United States,2015,Academic,13440,8650.0,621.5,890.78,1499136.0,,,237.0,Submitted,2.622,Cluster,Xeon E5-2665 8C 2.4GHz,Intel SandyBridge,2400,Linux,Linux,NVIDIA Tesla K20m,8,Intel Xeon E5 (SandyBridge),Cluster Platform SL250s Gen8,HP Cluster Platform 3000SL,Infiniband,Infiniband FDR,North America,Americas,49201,178073
444,,50,444,OzSTAR,"PowerEdge R740, Xeon Gold 6140 18C 2.3GHz, NVIDIA Tesla P100, Dell EMC H-Series (Omni-Path)",Swinburne University of Technology,Dell EMC,Australia,2017,Academic,17020,12880.0,614.5,1081.0,600000.0,,,152.8,Submitted,4.022,Cluster,Xeon Gold 6140 18C 2.3GHz,Intel Skylake,2300,CentOS,Linux,NVIDIA Tesla P100,18,Xeon Gold,PowerEdge R740,Dell PowerEdge Cluster,Omnipath,Dell EMC H-Series (Omni-Path),Australia and New Zealand,Oceania,50756,179309
453,325.0,47,166,Caliburn,"FatTwin SuperServer, Xeon E5-2695v4 18C 2.1GHz, Intel Omni-Path",Rutgers Discovery Informatics Institute,Supermicro,United States,2016,Academic,20160,,602.983,677.376,3670080.0,1834944.0,,896.0,Derived,0.673,Cluster,Xeon E5-2695v4 18C 2.1GHz,Intel Broadwell,2100,Linux,Linux,None,18,Intel Xeon E5 (Broadwell),FatTwin SuperServer,Supermicro SuperServer,Omnipath,Intel Omni-Path,North America,Americas,50629,178788
457,327.0,41,46,Big Red II,"Cray XK7 , Opteron 6276 16C 2.300GHz, Cray Gemini interconnect, NVIDIA K20",Indiana University,Cray Inc.,United States,2013,Academic,31288,8788.0,597.4,1000.624,748800.0,,,458.12,Derived,1.304,MPP,Opteron 6276 16C 2.3GHz,AMD x86_64,2300,Cray Linux Environment ,Linux,NVIDIA Tesla K20,16,"Opteron 6200 Series ""Interlagos""",Cray XK7 ,Cray XK,Custom Interconnect,Cray Gemini interconnect,North America,Americas,48098,178067
460,330.0,44,84,VSC-3,"Oil blade server, Intel Xeon E5-2650v2  8C 2.6GHz, Intel TrueScale Infiniband",Vienna Scientific Cluster,ClusterVision,Austria,2014,Academic,32768,,596.01,681.5744,3174400.0,,,450.0,Submitted,1.324,Cluster,Intel Xeon E5-2650v2  8C 2.6GHz,Intel IvyBridge,2600,Scientific Linux,Linux,None,8,Intel Xeon E5 (IvyBridge),Oil blade server,ClusterVision Cluster,Infiniband,Intel TrueScale Infiniband,Western Europe,Europe,50345,178471
469,338.0,49,338,Cray XC40,"Cray XC40, Xeon E5-2695v4 18C 2.1GHz, Aries interconnect ",Japan Adv. Inst. of Science and Technology (JAIST),Cray Inc.,Japan,2017,Academic,19728,,584.766,662.861,2739456.0,,,,,,MPP,Xeon E5-2695v4 18C 2.1GHz,Intel Broadwell,2100,Cray Linux Environment ,Linux,None,18,Intel Xeon E5 (Broadwell),Cray XC40,Cray XC,Custom Interconnect,Aries interconnect ,Eastern Asia,Asia,48162,179094
488,357.0,48,309,"CLAIX (Phase I, 2016)","NEC HPC1812-Rg-2, Xeon E5-2650v4 12C 2.2GHz, Intel Omni-Path",Universitaet Aachen/RWTH - IT Center,NEC,Germany,2016,Academic,18816,,558.424,662.323,2800128.0,,12.2,285.0,Submitted,1.959,Cluster,Xeon E5-2650v4 12C 2.2GHz,Intel Broadwell,2200,CentOS,Linux,None,12,Intel Xeon E5 (Broadwell),NEC HPC1812-Rg-2,NEC Cluster,Omnipath,Intel Omni-Path,Western Europe,Europe,50675,178934
491,361.0,43,65,SuperMIC,"Dell C8220X Cluster, Intel Xeon E5-2680v2  10C 2.8GHz, Infiniband FDR, Intel Xeon Phi 7120P",Louisiana State University,Dell EMC,United States,2014,Academic,45866,39406.0,557.033,925.072,1343824.0,,,370.0,Submitted,1.505,Cluster,Intel Xeon E5-2680v2  10C 2.8GHz,Intel IvyBridge,2800,Redhat Enterprise Linux 6.4,Linux,Intel Xeon Phi 7120P,10,Intel Xeon E5 (IvyBridge),Dell C8220X Cluster,Dell PowerEdge Cluster,Infiniband,Infiniband FDR,North America,Americas,48279,178423
